<?xml version="1.0" encoding="UTF-8" ?>
<module>
    <name>ps_googleanalytics</name>
    <displayName><![CDATA[Google Analytics]]></displayName>
    <version><![CDATA[3.1.3]]></version>
    <description><![CDATA[Gagnez en visibilit&eacute; sur des indicateurs cl&eacute;s li&eacute;s &agrave; vos clients en utilisant Google Analytics.]]></description>
    <author><![CDATA[PrestaShop]]></author>
    <tab><![CDATA[analytics_stats]]></tab>
	<confirmUninstall><![CDATA[Êtes-vous sûr de vouloir désinstaller Google Analytics ? Vous perdrez toutes les données relatives à ce module.]]></confirmUninstall>
    <is_configurable>1</is_configurable>
    <need_instance>1</need_instance>
	<limited_countries></limited_countries>
</module>